Tournament,Type,Winner,url,season,tourn_id,prize_fund
1969 Pot Black,Invitational,Ray Reardon,https://cuetracker.net/tournaments/pot-black/1969/917,1968,917,"GBP 1,000"
1970 Pot Black,Invitational,John Spencer,https://cuetracker.net/tournaments/pot-black/1970/915,1969,915,GBP 0
1971 Park Drive 600,Invitational,Ray Reardon,https://cuetracker.net/tournaments/park-drive-600/1971/2082,1970,2082,GBP 0
1971 Park Drive 2000 - Spring,League,John Spencer,https://cuetracker.net/tournaments/park-drive-2000-spring/1971/913,1970,913,"GBP 2,000"
1971 Pot Black,Invitational,John Spencer,https://cuetracker.net/tournaments/pot-black/1971/912,1970,912,GBP 0
1972 Park Drive 2000 - Spring,League,John Spencer,https://cuetracker.net/tournaments/park-drive-2000-spring/1972/908,1971,908,"GBP 2,000"
1972 Men of the Midlands,League,Alex Higgins,https://cuetracker.net/tournaments/men-of-the-midlands/1972/910,1971,910,GBP 825
1972 Pot Black,Invitational,NA,https://cuetracker.net/tournaments/pot-black/1972/907,1971,907,GBP 0
1971 Park Drive 2000 - Autumn,League,Ray Reardon,https://cuetracker.net/tournaments/park-drive-2000-autumn/1971/909,1971,909,"GBP 2,000"
1973 Park Drive 1000,Invitational,John Spencer,https://cuetracker.net/tournaments/park-drive-1000/1973/2081,1972,2081,GBP 782
1973 Men of the Midlands,League,Alex Higgins,https://cuetracker.net/tournaments/men-of-the-midlands/1973/905,1972,905,"GBP 1,500"
1973 Pot Black,Invitational,Eddie Charlton,https://cuetracker.net/tournaments/pot-black/1973/901,1972,901,"GBP 1,000"
1972 Park Drive 2000 - Autumn,League,John Spencer,https://cuetracker.net/tournaments/park-drive-2000-autumn/1972/904,1972,904,"GBP 2,000"
1974 World Championship,Ranking,Ray Reardon,https://cuetracker.net/tournaments/world-championship/1974/897,1973,897,"GBP 9,800"
1974 Pot Black,Invitational,Graham Miles,https://cuetracker.net/tournaments/pot-black/1974/898,1973,898,"GBP 1,000"
1973 Norwich Union Open,Invitational,John Spencer,https://cuetracker.net/tournaments/norwich-union-open/1973/903,1973,903,"GBP 3,500"
1975 World Championship,Ranking,Ray Reardon,https://cuetracker.net/tournaments/world-championship/1975/890,1974,890,"GBP 18,600"
1975 Masters,Invitational,John Spencer,https://cuetracker.net/tournaments/masters/1975/894,1974,894,"GBP 4,800"
1975 Pot Black,Invitational,NA,https://cuetracker.net/tournaments/pot-black/1975/893,1974,893,GBP 0
1974 Norwich Union Open,Invitational,John Spencer,https://cuetracker.net/tournaments/norwich-union-open/1974/902,1974,902,"GBP 4,750"
1976 World Championship,Ranking,Ray Reardon,https://cuetracker.net/tournaments/world-championship/1976/885,1975,885,"GBP 15,000"
1976 Masters,Invitational,Ray Reardon,https://cuetracker.net/tournaments/masters/1976/889,1975,889,"GBP 5,200"
1976 Pot Black,Invitational,John Spencer,https://cuetracker.net/tournaments/pot-black/1976/887,1975,887,GBP 0
1977 World Championship,Ranking,John Spencer,https://cuetracker.net/tournaments/world-championship/1977/878,1976,878,"GBP 16,875"
1977 Masters,Invitational,Doug Mountjoy,https://cuetracker.net/tournaments/masters/1977/881,1976,881,"GBP 5,000"
1977 Pot Black,Invitational,Perrie Mans,https://cuetracker.net/tournaments/pot-black/1977/880,1976,880,GBP 0
1978 Golden Masters,Invitational,Doug Mountjoy,https://cuetracker.net/tournaments/golden-masters/1978/858,1977,858,"GBP 2,000"
1978 Pot Black,Invitational,Doug Mountjoy,https://cuetracker.net/tournaments/pot-black/1978/872,1977,872,GBP 0
1978 World Championship,Ranking,Ray Reardon,https://cuetracker.net/tournaments/world-championship/1978/864,1977,864,"GBP 24,000"
1978 Irish Masters,Invitational,John Spencer,https://cuetracker.net/tournaments/irish-masters/1978/877,1977,877,"GBP 1,700"
1978 Masters,Invitational,Alex Higgins,https://cuetracker.net/tournaments/masters/1978/866,1977,866,"GBP 8,000"
1977 Dry Blackthorn Cup,Invitational,Patsy Fagan,https://cuetracker.net/tournaments/dry-blackthorn-cup/1977/870,1977,870,"GBP 4,000"
1979 Golden Masters,Invitational,Ray Reardon,https://cuetracker.net/tournaments/golden-masters/1979/860,1978,860,"GBP 1,250"
1979 World Championship,Ranking,Terry Griffiths,https://cuetracker.net/tournaments/world-championship/1979/849,1978,849,"GBP 35,500"
1979 Tolly Cobbold Classic,Invitational,Alex Higgins,https://cuetracker.net/tournaments/tolly-cobbold-classic/1979/861,1978,861,"GBP 1,000"
1979 Bombay International,Invitational,John Spencer,https://cuetracker.net/tournaments/bombay-international/1979/852,1978,852,"GBP 5,400"
1979 Irish Masters,Invitational,Doug Mountjoy,https://cuetracker.net/tournaments/irish-masters/1979/850,1978,850,"GBP 5,800"
1979 Masters,Invitational,Perrie Mans,https://cuetracker.net/tournaments/masters/1979/851,1978,851,"GBP 6,000"
1978 Pot Black,Invitational,Ray Reardon,https://cuetracker.net/tournaments/pot-black/1978/859,1978,859,GBP 0
1978 Champion of Champions,Invitational,Ray Reardon,https://cuetracker.net/tournaments/champion-of-champions/1978/855,1978,855,"GBP 4,000"
1979 Forward Chemicals Tournament,League,Ray Reardon,https://cuetracker.net/tournaments/forward-chemicals-tournament/1979/865,1978,865,"GBP 9,000"
1980 World Championship,Ranking,Cliff Thorburn,https://cuetracker.net/tournaments/world-championship/1980/815,1979,815,"GBP 52,000"
1980 Irish Masters,Invitational,Terry Griffiths,https://cuetracker.net/tournaments/irish-masters/1980/816,1979,816,"GBP 7,800"
1980 Masters,Invitational,Terry Griffiths,https://cuetracker.net/tournaments/masters/1980/817,1979,817,"GBP 7,000"
1980 Tolly Cobbold Classic,Invitational,Alex Higgins,https://cuetracker.net/tournaments/tolly-cobbold-classic/1980/839,1979,839,"GBP 3,419"
1980 Welsh Professional Championship,Invitational,Doug Mountjoy,https://cuetracker.net/tournaments/welsh-professional-championship/1980/827,1979,827,"GBP 5,000"
1980 Classic,Invitational,John Spencer,https://cuetracker.net/tournaments/classic/1980/848,1979,848,"GBP 8,900"
1980 Pot Black,Invitational,Eddie Charlton,https://cuetracker.net/tournaments/pot-black/1980/829,1979,829,GBP 0
1979 Bombay International,Invitational,John Virgo,https://cuetracker.net/tournaments/bombay-international/1979/818,1979,818,"GBP 5,700"
1979 Kronenbrau 1308 Classic,Invitational,Eddie Charlton,https://cuetracker.net/tournaments/kronenbrau-1308-classic/1979/842,1979,842,"GBP 1,373"
1981 World Championship,Ranking,Steve Davis,https://cuetracker.net/tournaments/world-championship/1981/797,1980,797,"GBP 73,800"
1981 Irish Masters,Invitational,Terry Griffiths,https://cuetracker.net/tournaments/irish-masters/1981/799,1980,799,"GBP 15,300"
1981 Tolly Cobbold Classic,Invitational,Graham Miles,https://cuetracker.net/tournaments/tolly-cobbold-classic/1981/811,1980,811,"GBP 5,400"
1981 Masters,Invitational,Alex Higgins,https://cuetracker.net/tournaments/masters/1981/800,1980,800,"GBP 20,000"
1981 Pot Black,Invitational,Cliff Thorburn,https://cuetracker.net/tournaments/pot-black/1981/803,1980,803,GBP 0
1980 Classic,Invitational,Steve Davis,https://cuetracker.net/tournaments/classic/1980/807,1980,807,"GBP 13,000"
1980 Champion of Champions,Invitational,Doug Mountjoy,https://cuetracker.net/tournaments/champion-of-champions/1980/801,1980,801,"GBP 8,000"
1982 Bass and Golden Leisure Classic,Invitational,Rex Williams,https://cuetracker.net/tournaments/bass-and-golden-leisure-classic/1982/783,1981,783,"GBP 1,380"
1982 World Championship,Ranking,Alex Higgins,https://cuetracker.net/tournaments/world-championship/1982/772,1981,772,"GBP 110,000"
1982 Highland Masters,Invitational,Ray Reardon,https://cuetracker.net/tournaments/highland-masters/1982/782,1981,782,"GBP 10,000"
1982 Irish Masters,Invitational,Terry Griffiths,https://cuetracker.net/tournaments/irish-masters/1982/776,1981,776,"GBP 20,413"
1982 Tolly Cobbold Classic,Invitational,Steve Davis,https://cuetracker.net/tournaments/tolly-cobbold-classic/1982/794,1981,794,"GBP 8,500"
1982 Masters,Invitational,Steve Davis,https://cuetracker.net/tournaments/masters/1982/778,1981,778,"GBP 27,000"
1982 Classic,Invitational,Terry Griffiths,https://cuetracker.net/tournaments/classic/1982/785,1981,785,"GBP 15,000"
1982 Pot Black,Invitational,Steve Davis,https://cuetracker.net/tournaments/pot-black/1982/789,1981,789,"GBP 18,000"
1981 Northern Ireland Classic,Invitational,Jimmy White,https://cuetracker.net/tournaments/northern-ireland-classic/1981/787,1981,787,"GBP 19,500"
1981 Scottish Masters,Invitational,Jimmy White,https://cuetracker.net/tournaments/scottish-masters/1981/786,1981,786,"GBP 20,000"
1981 Australian Masters,Invitational,Tony Meo,https://cuetracker.net/tournaments/australian-masters/1981/812,1981,812,"GBP 11,141"
1983 World Championship,Ranking,Steve Davis,https://cuetracker.net/tournaments/world-championship/1983/746,1982,746,"GBP 144,700"
1983 Irish Masters,Invitational,Steve Davis,https://cuetracker.net/tournaments/irish-masters/1983/751,1982,751,"GBP 30,260"
1983 Tolly Cobbold Classic,Invitational,Steve Davis,https://cuetracker.net/tournaments/tolly-cobbold-classic/1983/764,1982,764,"GBP 15,000"
1983 Masters,Invitational,Cliff Thorburn,https://cuetracker.net/tournaments/masters/1983/752,1982,752,"GBP 55,000"
1983 Classic,Invitational,Steve Davis,https://cuetracker.net/tournaments/classic/1983/755,1982,755,"GBP 64,000"
1983 Pot Black,Invitational,Steve Davis,https://cuetracker.net/tournaments/pot-black/1983/761,1982,761,"GBP 16,000"
1982 Professional Players Tournament,Ranking,Ray Reardon,https://cuetracker.net/tournaments/professional-players-tournament/1982/762,1982,762,"GBP 31,500"
1982 International Open,Ranking,Tony Knowles,https://cuetracker.net/tournaments/international-open/1982/754,1982,754,"GBP 73,500"
1982 Scottish Masters,Invitational,Steve Davis,https://cuetracker.net/tournaments/scottish-masters/1982/759,1982,759,"GBP 23,000"
1982 Australian Masters,Invitational,Steve Davis,https://cuetracker.net/tournaments/australian-masters/1982/795,1982,795,"GBP 18,568"
1984 World Championship,Ranking,Steve Davis,https://cuetracker.net/tournaments/world-championship/1984/728,1983,728,"GBP 199,000"
1984 Irish Masters,Invitational,Steve Davis,https://cuetracker.net/tournaments/irish-masters/1984/729,1983,729,"GBP 36,398"
1984 Tolly Cobbold Classic,Invitational,Steve Davis,https://cuetracker.net/tournaments/tolly-cobbold-classic/1984/730,1983,730,"GBP 20,500"
1984 Masters,Invitational,Jimmy White,https://cuetracker.net/tournaments/masters/1984/731,1983,731,"GBP 126,500"
1984 Classic,Ranking,Steve Davis,https://cuetracker.net/tournaments/classic/1984/733,1983,733,"GBP 82,000"
1984 Pot Black,Invitational,Terry Griffiths,https://cuetracker.net/tournaments/pot-black/1984/723,1983,723,"GBP 40,750"
1984 Professional Snooker League,League,John Virgo,https://cuetracker.net/tournaments/professional-snooker-league/1984/756,1983,756,GBP 0
1983 Professional Players Tournament,Ranking,Tony Knowles,https://cuetracker.net/tournaments/professional-players-tournament/1983/739,1983,739,"GBP 63,600"
1983 International Open,Ranking,Steve Davis,https://cuetracker.net/tournaments/international-open/1983/740,1983,740,"GBP 81,000"
1983 Scottish Masters,Invitational,Steve Davis,https://cuetracker.net/tournaments/scottish-masters/1983/741,1983,741,"GBP 25,500"
1983 Thailand Masters,Invitational,Tony Meo,https://cuetracker.net/tournaments/thailand-masters/1983/824,1983,824,GBP 0
1983 Hong Kong Masters,Invitational,Doug Mountjoy,https://cuetracker.net/tournaments/hong-kong-masters/1983/777,1983,777,GBP 0
1983 Australian Masters,Invitational,Cliff Thorburn,https://cuetracker.net/tournaments/australian-masters/1983/765,1983,765,"GBP 52,980"
1985 World Championship,Ranking,Dennis Taylor,https://cuetracker.net/tournaments/world-championship/1985/699,1984,699,"GBP 300,600"
1985 Irish Masters,Invitational,Jimmy White,https://cuetracker.net/tournaments/irish-masters/1985/700,1984,700,"GBP 69,025"
1985 British Open,Ranking,Silvino Francisco,https://cuetracker.net/tournaments/british-open/1985/702,1984,702,"GBP 249,000"
1985 Masters,Invitational,Cliff Thorburn,https://cuetracker.net/tournaments/masters/1985/705,1984,705,"GBP 150,002"
1985 Classic,Ranking,Willie Thorne,https://cuetracker.net/tournaments/classic/1985/712,1984,712,"GBP 196,000"
1984 UK Championship,Ranking,Steve Davis,https://cuetracker.net/tournaments/uk-championship/1984/719,1984,719,"GBP 101,800"
1984 Grand Prix,Ranking,Dennis Taylor,https://cuetracker.net/tournaments/grand-prix/1984/721,1984,721,"GBP 225,000"
1984 International Open,Ranking,Steve Davis,https://cuetracker.net/tournaments/international-open/1984/724,1984,724,"GBP 147,750"
1984 Scottish Masters,Invitational,Steve Davis,https://cuetracker.net/tournaments/scottish-masters/1984/725,1984,725,"GBP 28,500"
1984 Carlsberg Challenge,Invitational,Jimmy White,https://cuetracker.net/tournaments/carlsberg-challenge/1984/833,1984,833,"GBP 19,500"
1984 Singapore Masters,Invitational,Terry Griffiths,https://cuetracker.net/tournaments/singapore-masters/1984/736,1984,736,GBP 0
1984 Malaysian Masters,Invitational,Terry Griffiths,https://cuetracker.net/tournaments/malaysian-masters/1984/749,1984,749,GBP 0
1984 Costa Del Sol Classic,Invitational,Dennis Taylor,https://cuetracker.net/tournaments/costa-del-sol-classic/1984/845,1984,845,"GBP 2,850"
1984 Australian Masters,Invitational,Tony Knowles,https://cuetracker.net/tournaments/australian-masters/1984/742,1984,742,"GBP 46,415"
1984 New Zealand Masters,Invitational,Jimmy White,https://cuetracker.net/tournaments/new-zealand-masters/1984/1006,1984,1006,"GBP 19,934"
1986 World Championship,Ranking,Joe Johnson,https://cuetracker.net/tournaments/world-championship/1986/649,1985,649,"GBP 349,982"
1986 Irish Masters,Invitational,Jimmy White,https://cuetracker.net/tournaments/irish-masters/1986/650,1985,650,"GBP 77,583"
1986 British Open,Ranking,Steve Davis,https://cuetracker.net/tournaments/british-open/1986/680,1985,680,"GBP 274,995"
1986 Masters,Invitational,Cliff Thorburn,https://cuetracker.net/tournaments/masters/1986/685,1985,685,"GBP 175,000"
1986 Belgian Classic,Invitational,Terry Griffiths,https://cuetracker.net/tournaments/belgian-classic/1986/695,1985,695,"GBP 40,000"
1986 Classic,Ranking,Jimmy White,https://cuetracker.net/tournaments/classic/1986/687,1985,687,"GBP 224,977"
1985 KitKat Break for World Champions,Invitational,Dennis Taylor,https://cuetracker.net/tournaments/kitkat-break-for-world-champions/1985/701,1985,701,"GBP 30,000"
1985 UK Championship,Ranking,Steve Davis,https://cuetracker.net/tournaments/uk-championship/1985/688,1985,688,"GBP 120,008"
1985 Canadian Masters,Invitational,Dennis Taylor,https://cuetracker.net/tournaments/canadian-masters/1985/697,1985,697,"GBP 47,500"
1985 Grand Prix,Ranking,Steve Davis,https://cuetracker.net/tournaments/grand-prix/1985/690,1985,690,"GBP 249,962"
1985 Matchroom Trophy,Ranking,Cliff Thorburn,https://cuetracker.net/tournaments/matchroom-trophy/1985/691,1985,691,"GBP 168,008"
1985 Scottish Masters,Invitational,Cliff Thorburn,https://cuetracker.net/tournaments/scottish-masters/1985/692,1985,692,"GBP 31,000"
1985 Carlsberg Challenge,Invitational,Jimmy White,https://cuetracker.net/tournaments/carlsberg-challenge/1985/834,1985,834,"GBP 28,500"
1985 Hong Kong Masters,Invitational,Terry Griffiths,https://cuetracker.net/tournaments/hong-kong-masters/1985/698,1985,698,GBP 0
1985 Singapore Masters,Invitational,Steve Davis,https://cuetracker.net/tournaments/singapore-masters/1985/792,1985,792,GBP 0
1985 Australian Masters,Invitational,Tony Meo,https://cuetracker.net/tournaments/australian-masters/1985/846,1985,846,"GBP 60,000"
1985 Pot Black,Invitational,Doug Mountjoy,https://cuetracker.net/tournaments/pot-black/1985/722,1985,722,GBP 0
1987 World Championship,Ranking,Steve Davis,https://cuetracker.net/tournaments/world-championship/1987/629,1986,629,"GBP 400,000"
1987 Irish Masters,Invitational,Steve Davis,https://cuetracker.net/tournaments/irish-masters/1987/631,1986,631,"GBP 90,000"
1987 Kent Cup,Invitational,Willie Thorne,https://cuetracker.net/tournaments/kent-cup/1987/989,1986,989,"GBP 30,000"
1987 British Open,Ranking,Jimmy White,https://cuetracker.net/tournaments/british-open/1987/633,1986,633,"GBP 300,812"
1987 Masters,Invitational,Dennis Taylor,https://cuetracker.net/tournaments/masters/1987/636,1986,636,"GBP 200,000"
1987 Classic,Ranking,Steve Davis,https://cuetracker.net/tournaments/classic/1987/638,1986,638,"GBP 249,837"
1987 Matchroom League,League,Steve Davis,https://cuetracker.net/tournaments/matchroom-league/1987/630,1986,630,"GBP 74,800"
1986 Pot Black,Invitational,Jimmy White,https://cuetracker.net/tournaments/pot-black/1986/651,1986,651,GBP 0
1986 UK Championship,Ranking,Steve Davis,https://cuetracker.net/tournaments/uk-championship/1986/639,1986,639,"GBP 299,980"
1986 Canadian Masters,Invitational,Steve Davis,https://cuetracker.net/tournaments/canadian-masters/1986/663,1986,663,"GBP 62,497"
1986 Grand Prix,Ranking,Jimmy White,https://cuetracker.net/tournaments/grand-prix/1986/641,1986,641,"GBP 278,595"
1986 International Open,Ranking,Neal Foulds,https://cuetracker.net/tournaments/international-open/1986/642,1986,642,"GBP 172,732"
1986 Scottish Masters,Invitational,Cliff Thorburn,https://cuetracker.net/tournaments/scottish-masters/1986/643,1986,643,"GBP 40,000"
1986 Matchroom Trophy,Invitational,Willie Thorne,https://cuetracker.net/tournaments/matchroom-trophy/1986/821,1986,821,"GBP 100,000"
1986 Carlsberg Challenge,Invitational,Dennis Taylor,https://cuetracker.net/tournaments/carlsberg-challenge/1986/835,1986,835,"GBP 31,000"
1986 Hong Kong Masters,Invitational,Willie Thorne,https://cuetracker.net/tournaments/hong-kong-masters/1986/674,1986,674,"GBP 86,800"
1986 Malaysian Masters,Invitational,Jimmy White,https://cuetracker.net/tournaments/malaysian-masters/1986/750,1986,750,GBP 0
1986 China Masters,Invitational,Steve Davis,https://cuetracker.net/tournaments/china-masters/1986/781,1986,781,GBP 0
1986 Thailand Masters,Invitational,James Wattana,https://cuetracker.net/tournaments/thailand-masters/1986/664,1986,664,GBP 0
1986 Australian Masters,Invitational,Dennis Taylor,https://cuetracker.net/tournaments/australian-masters/1986/1037,1986,1037,"GBP 16,000"
1988 World Championship,Ranking,Steve Davis,https://cuetracker.net/tournaments/world-championship/1988/606,1987,606,"GBP 474,003"
1988 Irish Masters,Invitational,Steve Davis,https://cuetracker.net/tournaments/irish-masters/1988/609,1987,609,"GBP 108,670"
1988 British Open,Ranking,Stephen Hendry,https://cuetracker.net/tournaments/british-open/1988/611,1987,611,"GBP 298,699"
1988 Masters,Invitational,Steve Davis,https://cuetracker.net/tournaments/masters/1988/615,1987,615,"GBP 225,000"
1988 Matchroom League,League,Steve Davis,https://cuetracker.net/tournaments/matchroom-league/1988/607,1987,607,"GBP 220,000"
1988 Classic,Ranking,Steve Davis,https://cuetracker.net/tournaments/classic/1988/617,1987,617,"GBP 250,010"
1987 UK Championship,Ranking,Steve Davis,https://cuetracker.net/tournaments/uk-championship/1987/618,1987,618,"GBP 354,998"
1987 Canadian Masters,Invitational,Dennis Taylor,https://cuetracker.net/tournaments/canadian-masters/1987/670,1987,670,"GBP 75,000"
1987 Grand Prix,Ranking,Stephen Hendry,https://cuetracker.net/tournaments/grand-prix/1987/619,1987,619,"GBP 300,012"
1987 Matchroom Trophy,Invitational,Dennis Taylor,https://cuetracker.net/tournaments/matchroom-trophy/1987/1043,1987,1043,"GBP 125,000"
1987 International Open,Ranking,Steve Davis,https://cuetracker.net/tournaments/international-open/1987/620,1987,620,"GBP 199,992"
1987 Carling Championships,Invitational,Dennis Taylor,https://cuetracker.net/tournaments/carling-championships/1987/836,1987,836,"GBP 32,650"
1987 Scottish Masters,Invitational,Joe Johnson,https://cuetracker.net/tournaments/scottish-masters/1987/623,1987,623,"GBP 52,000"
1987 Hong Kong Masters,Invitational,Steve Davis,https://cuetracker.net/tournaments/hong-kong-masters/1987/669,1987,669,"GBP 75,000"
1987 Tokyo Masters,Invitational,Dennis Taylor,https://cuetracker.net/tournaments/tokyo-masters/1987/668,1987,668,"GBP 100,000"
1987 Australian Masters,Invitational,Stephen Hendry,https://cuetracker.net/tournaments/australian-masters/1987/2064,1987,2064,"GBP 88,883"
1989 World Championship,Ranking,Steve Davis,https://cuetracker.net/tournaments/world-championship/1989/558,1988,558,"GBP 524,805"
1989 Irish Masters,Invitational,Alex Higgins,https://cuetracker.net/tournaments/irish-masters/1989/561,1988,561,"GBP 112,160"
1989 British Open,Ranking,Tony Meo,https://cuetracker.net/tournaments/british-open/1989/562,1988,562,"GBP 346,607"
1989 European Open,Ranking,John Parrott,https://cuetracker.net/tournaments/european-open/1989/588,1988,588,"GBP 197,207"
1989 Masters,Invitational,Stephen Hendry,https://cuetracker.net/tournaments/masters/1989/589,1988,589,"GBP 250,000"
1989 Matchroom League,League,Steve Davis,https://cuetracker.net/tournaments/matchroom-league/1989/559,1988,559,"GBP 215,000"
1989 Classic,Ranking,Doug Mountjoy,https://cuetracker.net/tournaments/classic/1989/591,1988,591,"GBP 274,995"
1988 Norwich Union Grand Prix,Invitational,Steve Davis,https://cuetracker.net/tournaments/norwich-union-grand-prix/1988/659,1988,659,"GBP 105,000"
1988 World Matchplay,Invitational,Steve Davis,https://cuetracker.net/tournaments/world-matchplay/1988/592,1988,592,"GBP 240,000"
1988 UK Championship,Ranking,Doug Mountjoy,https://cuetracker.net/tournaments/uk-championship/1988/593,1988,593,"GBP 398,000"
1988 Canadian Masters,Ranking,Jimmy White,https://cuetracker.net/tournaments/canadian-masters/1988/595,1988,595,"GBP 199,992"
1988 Grand Prix,Ranking,Steve Davis,https://cuetracker.net/tournaments/grand-prix/1988/596,1988,596,"GBP 324,997"
1988 Matchroom Professional Championship,Invitational,Steve Davis,https://cuetracker.net/tournaments/matchroom-professional-championship/1988/767,1988,767,"GBP 130,000"
1988 Fosters Professional,Invitational,Mike Hallett,https://cuetracker.net/tournaments/fosters-professional/1988/775,1988,775,"GBP 34,700"
1988 Dubai Masters,Invitational,Neal Foulds,https://cuetracker.net/tournaments/dubai-masters/1988/601,1988,601,"GBP 73,000"
1989 London Masters,Invitational,Stephen Hendry,https://cuetracker.net/tournaments/london-masters/1989/666,1988,666,"GBP 50,000"
1988 International Open,Ranking,Steve Davis,https://cuetracker.net/tournaments/international-open/1988/599,1988,599,"GBP 224,993"
1988 Hong Kong Masters,Invitational,Jimmy White,https://cuetracker.net/tournaments/hong-kong-masters/1988/675,1988,675,"GBP 75,000"
1990 World Championship,Ranking,Stephen Hendry,https://cuetracker.net/tournaments/world-championship/1990/538,1989,538,"GBP 600,008"
1990 Irish Masters,Invitational,Steve Davis,https://cuetracker.net/tournaments/irish-masters/1990/542,1989,542,"GBP 150,000"
1990 Kent Cup,Invitational,Marcus Campbell,https://cuetracker.net/tournaments/kent-cup/1990/990,1989,990,"GBP 9,760"
1990 European Open,Ranking,John Parrott,https://cuetracker.net/tournaments/european-open/1990/540,1989,540,"GBP 200,000"
1990 British Open,Ranking,Bob Chaperon,https://cuetracker.net/tournaments/british-open/1990/543,1989,543,"GBP 365,624"
1990 Masters,Invitational,Stephen Hendry,https://cuetracker.net/tournaments/masters/1990/545,1989,545,"GBP 275,000"
1990 Classic,Ranking,Steve James,https://cuetracker.net/tournaments/classic/1990/547,1989,547,"GBP 298,699"
1990 Matchroom International League,League,Tony Meo,https://cuetracker.net/tournaments/matchroom-international-league/1990/539,1989,539,GBP 0
1990 Matchroom League,League,Steve Davis,https://cuetracker.net/tournaments/matchroom-league/1990/541,1989,541,"GBP 220,000"
1989 World Matchplay,Invitational,Jimmy White,https://cuetracker.net/tournaments/world-matchplay/1989/550,1989,550,"GBP 250,000"
1989 UK Championship,Ranking,Stephen Hendry,https://cuetracker.net/tournaments/uk-championship/1989/551,1989,551,"GBP 420,000"
1989 Norwich Union Grand Prix,Invitational,Joe Johnson,https://cuetracker.net/tournaments/norwich-union-grand-prix/1989/657,1989,657,"GBP 40,000"
1989 Dubai Classic,Ranking,Stephen Hendry,https://cuetracker.net/tournaments/dubai-classic/1989/598,1989,598,"GBP 201,000"
1989 Grand Prix,Ranking,Steve Davis,https://cuetracker.net/tournaments/grand-prix/1989/552,1989,552,"GBP 349,998"
1990 London Masters,Invitational,Stephen Hendry,https://cuetracker.net/tournaments/london-masters/1990/656,1989,656,"GBP 75,000"
1989 International Open,Ranking,Steve Davis,https://cuetracker.net/tournaments/international-open/1989/553,1989,553,"GBP 199,992"
1989 Scottish Masters,Invitational,Stephen Hendry,https://cuetracker.net/tournaments/scottish-masters/1989/554,1989,554,"GBP 86,000"
1989 Asian Open,Ranking,Stephen Hendry,https://cuetracker.net/tournaments/asian-open/1989/555,1989,555,"GBP 199,500"
1989 Hong Kong Open,Ranking,Mike Hallett,https://cuetracker.net/tournaments/hong-kong-open/1989/556,1989,556,"GBP 200,000"
1989 New Zealand Masters,Invitational,Willie Thorne,https://cuetracker.net/tournaments/new-zealand-masters/1989/665,1989,665,"GBP 38,080"
1991 European Masters League,League,Steve Davis,https://cuetracker.net/tournaments/european-masters-league/1991/770,1990,770,"GBP 15,000"
1991 World Championship,Ranking,John Parrott,https://cuetracker.net/tournaments/world-championship/1991/510,1990,510,"GBP 748,500"
1991 Irish Masters,Invitational,Steve Davis,https://cuetracker.net/tournaments/irish-masters/1991/513,1990,513,"GBP 144,000"
1991 Kent Cup,Invitational,Joe Swail,https://cuetracker.net/tournaments/kent-cup/1991/975,1990,975,"GBP 9,760"
1991 European Open,Ranking,Tony Jones,https://cuetracker.net/tournaments/european-open/1991/516,1990,516,"GBP 196,250"
1991 British Open,Ranking,Stephen Hendry,https://cuetracker.net/tournaments/british-open/1991/514,1990,514,"GBP 400,000"
1991 Masters,Invitational,Stephen Hendry,https://cuetracker.net/tournaments/masters/1991/515,1990,515,"GBP 350,000"
1991 Matchroom League,League,Stephen Hendry,https://cuetracker.net/tournaments/matchroom-league/1991/512,1990,512,"GBP 200,000"
1991 Classic,Ranking,Jimmy White,https://cuetracker.net/tournaments/classic/1991/517,1990,517,"GBP 300,000"
1990 World Matchplay,Invitational,Jimmy White,https://cuetracker.net/tournaments/world-matchplay/1990/519,1990,519,"GBP 200,000"
1990 UK Championship,Ranking,Stephen Hendry,https://cuetracker.net/tournaments/uk-championship/1990/521,1990,521,"GBP 450,000"
1990 Dubai Classic,Ranking,Stephen Hendry,https://cuetracker.net/tournaments/dubai-classic/1990/522,1990,522,"GBP 199,250"
1990 Asian Open,Ranking,Stephen Hendry,https://cuetracker.net/tournaments/asian-open/1990/526,1990,526,"GBP 199,250"
1990 Grand Prix,Ranking,Stephen Hendry,https://cuetracker.net/tournaments/grand-prix/1990/535,1990,535,"GBP 368,000"
1991 London Masters,Invitational,Steve Davis,https://cuetracker.net/tournaments/london-masters/1991/667,1990,667,"GBP 75,000"
1990 Scottish Masters,Invitational,Stephen Hendry,https://cuetracker.net/tournaments/scottish-masters/1990/537,1990,537,"GBP 96,000"
1990 Norwich Union Grand Prix,Invitational,John Parrott,https://cuetracker.net/tournaments/norwich-union-grand-prix/1990/658,1990,658,"GBP 60,000"
1992 World Championship,Ranking,Stephen Hendry,https://cuetracker.net/tournaments/world-championship/1992/487,1991,487,"GBP 946,500"
1992 Irish Masters,Invitational,Stephen Hendry,https://cuetracker.net/tournaments/irish-masters/1992/489,1991,489,"GBP 161,500"
1992 European Open,Ranking,Jimmy White,https://cuetracker.net/tournaments/european-open/1992/490,1991,490,"GBP 145,000"
1992 Strachan Open,Ranking,James Wattana,https://cuetracker.net/tournaments/strachan-open/1992/491,1991,491,"GBP 60,000"
1992 British Open,Ranking,Jimmy White,https://cuetracker.net/tournaments/british-open/1992/492,1991,492,"GBP 442,000"
1992 Welsh Open,Ranking,Stephen Hendry,https://cuetracker.net/tournaments/welsh-open/1992/493,1991,493,"GBP 120,000"
1992 Masters,Invitational,Stephen Hendry,https://cuetracker.net/tournaments/masters/1992/494,1991,494,"GBP 365,000"
1992 Asian Open,Ranking,Steve Davis,https://cuetracker.net/tournaments/asian-open/1992/495,1991,495,"GBP 180,000"
1992 Matchroom League,League,Stephen Hendry,https://cuetracker.net/tournaments/matchroom-league/1992/488,1991,488,"GBP 250,000"
1992 Classic,Ranking,Steve Davis,https://cuetracker.net/tournaments/classic/1992/496,1991,496,"GBP 326,000"
1991 World Matchplay,Invitational,Gary Wilkinson,https://cuetracker.net/tournaments/world-matchplay/1991/498,1991,498,"GBP 160,000"
1991 UK Championship,Ranking,John Parrott,https://cuetracker.net/tournaments/uk-championship/1991/499,1991,499,"GBP 198,900"
1991 Grand Prix,Ranking,Stephen Hendry,https://cuetracker.net/tournaments/grand-prix/1991/502,1991,502,"GBP 399,300"
1991 Dubai Classic,Ranking,John Parrott,https://cuetracker.net/tournaments/dubai-classic/1991/503,1991,503,"GBP 213,750"
1991 World Seniors Championship,Invitational,Cliff Wilson,https://cuetracker.net/tournaments/world-seniors-championship/1991/769,1991,769,"GBP 48,000"
1991 Scottish Masters,Invitational,Mike Hallett,https://cuetracker.net/tournaments/scottish-masters/1991/504,1991,504,"GBP 105,000"
1991 Pot Black,Invitational,Steve Davis,https://cuetracker.net/tournaments/pot-black/1991/506,1991,506,"GBP 33,000"
1993 World Championship,Ranking,Stephen Hendry,https://cuetracker.net/tournaments/world-championship/1993/464,1992,464,"GBP 742,400"
1993 International Open,Ranking,Stephen Hendry,https://cuetracker.net/tournaments/international-open/1993/466,1992,466,"GBP 149,000"
1993 Irish Masters,Invitational,Steve Davis,https://cuetracker.net/tournaments/irish-masters/1993/467,1992,467,"GBP 180,000"
1993 Asian Open,Ranking,Dave Harold,https://cuetracker.net/tournaments/asian-open/1993/468,1992,468,"GBP 179,750"
1993 British Open,Ranking,Steve Davis,https://cuetracker.net/tournaments/british-open/1993/470,1992,470,"GBP 249,800"
1993 European Open,Ranking,Steve Davis,https://cuetracker.net/tournaments/european-open/1993/471,1992,471,"GBP 150,000"
1993 Masters,Invitational,Stephen Hendry,https://cuetracker.net/tournaments/masters/1993/472,1992,472,"GBP 390,000"
1993 Extra Challenge,Invitational,Ronnie O'Sullivan,https://cuetracker.net/tournaments/extra-challenge/1993/469,1992,469,"GBP 30,000"
1993 Welsh Open,Ranking,Ken Doherty,https://cuetracker.net/tournaments/welsh-open/1993/473,1992,473,"GBP 140,000"
1993 European League,League,Jimmy White,https://cuetracker.net/tournaments/european-league/1993/465,1992,465,"GBP 35,000"
1992 World Matchplay,Invitational,James Wattana,https://cuetracker.net/tournaments/world-matchplay/1992/474,1992,474,"GBP 160,000"
1992 UK Championship,Ranking,Jimmy White,https://cuetracker.net/tournaments/uk-championship/1992/475,1992,475,"GBP 336,400"
1992 Grand Prix,Ranking,Jimmy White,https://cuetracker.net/tournaments/grand-prix/1992/481,1992,481,"GBP 424,700"
1992 Dubai Classic,Ranking,John Parrott,https://cuetracker.net/tournaments/dubai-classic/1992/482,1992,482,"GBP 223,800"
1992 Scottish Masters,Invitational,Neal Foulds,https://cuetracker.net/tournaments/scottish-masters/1992/485,1992,485,"GBP 125,000"
1992 Indian Masters,Invitational,Steve Davis,https://cuetracker.net/tournaments/indian-masters/1992/757,1992,757,"GBP 5,000"
1994 World Championship,Ranking,Stephen Hendry,https://cuetracker.net/tournaments/world-championship/1994/446,1993,446,"GBP 1,026,400"
1994 British Open,Ranking,Ronnie O'Sullivan,https://cuetracker.net/tournaments/british-open/1994/449,1993,449,"GBP 199,640"
1994 Irish Masters,Invitational,Steve Davis,https://cuetracker.net/tournaments/irish-masters/1994/450,1993,450,"GBP 190,000"
1994 Thailand Open,Ranking,James Wattana,https://cuetracker.net/tournaments/thailand-open/1994/451,1993,451,"GBP 178,695"
1994 International Open,Ranking,John Parrott,https://cuetracker.net/tournaments/international-open/1994/452,1993,452,"GBP 150,000"
1994 Masters,Invitational,Alan McManus,https://cuetracker.net/tournaments/masters/1994/453,1993,453,"GBP 415,000"
1994 Welsh Open,Ranking,Steve Davis,https://cuetracker.net/tournaments/welsh-open/1994/454,1993,454,"GBP 138,285"
1994 Matchroom League,League,Stephen Hendry,https://cuetracker.net/tournaments/matchroom-league/1994/445,1993,445,"GBP 65,000"
1993 European Open,Ranking,Stephen Hendry,https://cuetracker.net/tournaments/european-open/1993/457,1993,457,"GBP 114,800"
1993 UK Championship,Ranking,Ronnie O'Sullivan,https://cuetracker.net/tournaments/uk-championship/1993/458,1993,458,"GBP 375,000"
1993 Grand Prix,Ranking,Peter Ebdon,https://cuetracker.net/tournaments/grand-prix/1993/460,1993,460,"GBP 326,800"
1993 Dubai Classic,Ranking,Stephen Hendry,https://cuetracker.net/tournaments/dubai-classic/1993/461,1993,461,"GBP 221,925"
1993 Scottish Masters,Invitational,Ken Doherty,https://cuetracker.net/tournaments/scottish-masters/1993/462,1993,462,"GBP 140,000"
1993 Pot Black,Invitational,Steve Davis,https://cuetracker.net/tournaments/pot-black/1993/463,1993,463,"GBP 34,000"
1995 World Championship,Ranking,Stephen Hendry,https://cuetracker.net/tournaments/world-championship/1995/422,1994,422,"GBP 1,359,000"
1995 British Open,Ranking,John Higgins,https://cuetracker.net/tournaments/british-open/1995/428,1994,428,"GBP 329,760"
1995 Irish Masters,Invitational,Peter Ebdon,https://cuetracker.net/tournaments/irish-masters/1995/431,1994,431,"GBP 200,000"
1995 Thailand Open,Ranking,James Wattana,https://cuetracker.net/tournaments/thailand-open/1995/432,1994,432,"GBP 182,850"
1995 International Open,Ranking,John Higgins,https://cuetracker.net/tournaments/international-open/1995/433,1994,433,"GBP 323,100"
1995 Masters,Invitational,Ronnie O'Sullivan,https://cuetracker.net/tournaments/masters/1995/434,1994,434,"GBP 435,000"
1995 Welsh Open,Ranking,Steve Davis,https://cuetracker.net/tournaments/welsh-open/1995/435,1994,435,"GBP 196,400"
1995 Charity Challenge,Invitational,Stephen Hendry,https://cuetracker.net/tournaments/charity-challenge/1995/436,1994,436,"GBP 160,000"
1995 European League,League,Stephen Hendry,https://cuetracker.net/tournaments/european-league/1995/423,1994,423,"GBP 51,000"
1994 European Open,Ranking,Stephen Hendry,https://cuetracker.net/tournaments/european-open/1994/437,1994,437,"GBP 297,730"
1994 Malta Grand Prix,Invitational,John Parrott,https://cuetracker.net/tournaments/malta-grand-prix/1994/439,1994,439,"GBP 16,500"
1994 UK Championship,Ranking,Stephen Hendry,https://cuetracker.net/tournaments/uk-championship/1994/438,1994,438,"GBP 372,025"
1994 Grand Prix,Ranking,John Higgins,https://cuetracker.net/tournaments/grand-prix/1994/441,1994,441,"GBP 337,800"
1994 Dubai Classic,Ranking,Alan McManus,https://cuetracker.net/tournaments/dubai-classic/1994/442,1994,442,"GBP 220,795"
1994 Scottish Masters,Invitational,Ken Doherty,https://cuetracker.net/tournaments/scottish-masters/1994/444,1994,444,"GBP 155,000"
1996 Malta Masters,Invitational,Mark Davis,https://cuetracker.net/tournaments/malta-masters/1996/622,1995,622,"GBP 15,000"
1996 World Championship,Ranking,Stephen Hendry,https://cuetracker.net/tournaments/world-championship/1996/397,1995,397,"GBP 1,200,000"
1996 British Open,Ranking,Nigel Bond,https://cuetracker.net/tournaments/british-open/1996/399,1995,399,"GBP 321,400"
1996 Irish Masters,Invitational,Darren Morgan,https://cuetracker.net/tournaments/irish-masters/1996/400,1995,400,"GBP 190,000"
1996 Thailand Open,Ranking,Alan McManus,https://cuetracker.net/tournaments/thailand-open/1996/401,1995,401,"GBP 224,405"
1996 European Open,Ranking,John Parrott,https://cuetracker.net/tournaments/european-open/1996/402,1995,402,"GBP 325,000"
1996 International Open,Ranking,John Higgins,https://cuetracker.net/tournaments/international-open/1996/409,1995,409,"GBP 325,000"
1996 Masters,Invitational,Stephen Hendry,https://cuetracker.net/tournaments/masters/1996/410,1995,410,"GBP 460,000"
1996 Guangzhou Masters,Invitational,Tony Drago,https://cuetracker.net/tournaments/guangzhou-masters/1996/654,1995,654,"GBP 11,000"
1996 Welsh Open,Ranking,Mark Williams,https://cuetracker.net/tournaments/welsh-open/1996/411,1995,411,"GBP 205,000"
1996 Charity Challenge,Invitational,Ronnie O'Sullivan,https://cuetracker.net/tournaments/charity-challenge/1996/412,1995,412,"GBP 150,000"
1996 European League,League,Ken Doherty,https://cuetracker.net/tournaments/european-league/1996/398,1995,398,"GBP 110,000"
1995 German Open,Ranking,John Higgins,https://cuetracker.net/tournaments/german-open/1995/414,1995,414,"GBP 228,000"
1995 UK Championship,Ranking,Stephen Hendry,https://cuetracker.net/tournaments/uk-championship/1995/415,1995,415,"GBP 400,000"
1995 Malta Grand Prix,Invitational,Peter Ebdon,https://cuetracker.net/tournaments/malta-grand-prix/1995/418,1995,418,"GBP 15,900"
1995 Grand Prix,Ranking,Stephen Hendry,https://cuetracker.net/tournaments/grand-prix/1995/419,1995,419,"GBP 330,000"
1995 Thailand Classic,Ranking,John Parrott,https://cuetracker.net/tournaments/thailand-classic/1995/420,1995,420,"GBP 225,405"
1995 Scottish Masters,Invitational,Stephen Hendry,https://cuetracker.net/tournaments/scottish-masters/1995/421,1995,421,"GBP 165,000"
1995 Red and White Challenge,Invitational,Nigel Bond,https://cuetracker.net/tournaments/red-and-white-challenge/1995/655,1995,655,"GBP 9,000"
1997 World Championship,Ranking,Ken Doherty,https://cuetracker.net/tournaments/world-championship/1997/365,1996,365,"GBP 1,410,150"
1997 British Open,Ranking,Mark Williams,https://cuetracker.net/tournaments/british-open/1997/369,1996,369,"GBP 328,100"
1997 Irish Masters,Invitational,Stephen Hendry,https://cuetracker.net/tournaments/irish-masters/1997/370,1996,370,"GBP 195,000"
1997 Thailand Open,Ranking,Peter Ebdon,https://cuetracker.net/tournaments/thailand-open/1997/371,1996,371,"GBP 232,000"
1997 Seniors Pot Black,Invitational,Joe Johnson,https://cuetracker.net/tournaments/seniors-pot-black/1997/973,1996,973,GBP 0
1997 European Open,Ranking,John Higgins,https://cuetracker.net/tournaments/european-open/1997/372,1996,372,"GBP 321,760"
1997 International Open,Ranking,Stephen Hendry,https://cuetracker.net/tournaments/international-open/1997/374,1996,374,"GBP 330,000"
1997 Masters,Invitational,Steve Davis,https://cuetracker.net/tournaments/masters/1997/375,1996,375,"GBP 500,000"
1997 Welsh Open,Ranking,Stephen Hendry,https://cuetracker.net/tournaments/welsh-open/1997/376,1996,376,"GBP 215,080"
1997 Charity Challenge,Invitational,Stephen Hendry,https://cuetracker.net/tournaments/charity-challenge/1997/377,1996,377,"GBP 130,000"
1997 European League,League,Ronnie O'Sullivan,https://cuetracker.net/tournaments/european-league/1997/368,1996,368,"GBP 60,000"
1996 German Open,Ranking,Ronnie O'Sullivan,https://cuetracker.net/tournaments/german-open/1996/378,1996,378,"GBP 230,000"
1996 UK Championship,Ranking,Stephen Hendry,https://cuetracker.net/tournaments/uk-championship/1996/379,1996,379,"GBP 380,000"
1996 Grand Prix,Ranking,Mark Williams,https://cuetracker.net/tournaments/grand-prix/1996/382,1996,382,"GBP 330,000"
1996 Malta Grand Prix,Invitational,Nigel Bond,https://cuetracker.net/tournaments/malta-grand-prix/1996/383,1996,383,"GBP 5,000"
1996 Scottish Masters,Invitational,Peter Ebdon,https://cuetracker.net/tournaments/scottish-masters/1996/386,1996,386,"GBP 175,000"
1996 Asian Classic,Ranking,Ronnie O'Sullivan,https://cuetracker.net/tournaments/asian-classic/1996/387,1996,387,"GBP 230,000"
1998 Champions Super League,Invitational,Steve Davis,https://cuetracker.net/tournaments/champions-super-league/1998/747,1997,747,"GBP 27,250"
1998 World Championship,Ranking,John Higgins,https://cuetracker.net/tournaments/world-championship/1998/344,1997,344,"GBP 1,335,000"
1998 British Open,Ranking,John Higgins,https://cuetracker.net/tournaments/british-open/1998/346,1997,346,"GBP 348,800"
1998 Irish Masters,Invitational,NA,https://cuetracker.net/tournaments/irish-masters/1998/347,1997,347,"GBP 135,297"
1998 Thailand Masters,Ranking,Stephen Hendry,https://cuetracker.net/tournaments/thailand-masters/1998/349,1997,349,"GBP 279,200"
1998 Charity Challenge,Invitational,John Higgins,https://cuetracker.net/tournaments/charity-challenge/1998/350,1997,350,"GBP 130,000"
1998 Scottish Open,Ranking,Ronnie O'Sullivan,https://cuetracker.net/tournaments/scottish-open/1998/351,1997,351,"GBP 347,800"
1998 Masters,Invitational,Mark Williams,https://cuetracker.net/tournaments/masters/1998/352,1997,352,"GBP 535,000"
1998 Welsh Open,Ranking,Paul Hunter,https://cuetracker.net/tournaments/welsh-open/1998/354,1997,354,"GBP 347,600"
1998 Premier League,League,Ken Doherty,https://cuetracker.net/tournaments/premier-league/1998/345,1997,345,"GBP 60,000"
1997 German Open,Ranking,John Higgins,https://cuetracker.net/tournaments/german-open/1997/355,1997,355,"GBP 278,400"
1997 UK Championship,Ranking,Ronnie O'Sullivan,https://cuetracker.net/tournaments/uk-championship/1997/356,1997,356,"GBP 440,000"
1997 Malta Grand Prix,Invitational,Ken Doherty,https://cuetracker.net/tournaments/malta-grand-prix/1997/357,1997,357,"GBP 5,000"
1997 Grand Prix,Ranking,Dominic Dale,https://cuetracker.net/tournaments/grand-prix/1997/360,1997,360,"GBP 348,800"
1997 Scottish Masters,Invitational,Nigel Bond,https://cuetracker.net/tournaments/scottish-masters/1997/361,1997,361,"GBP 180,500"
1997 China International,Invitational,Steve Davis,https://cuetracker.net/tournaments/china-international/1997/363,1997,363,"GBP 10,000"
1997 Superstar International,Invitational,Ronnie O'Sullivan,https://cuetracker.net/tournaments/superstar-international/1997/364,1997,364,"GBP 31,000"
1999 World Championship,Ranking,Stephen Hendry,https://cuetracker.net/tournaments/world-championship/1999/328,1998,328,"GBP 1,379,600"
1999 British Open,Ranking,Fergal O'Brien,https://cuetracker.net/tournaments/british-open/1999/329,1998,329,"GBP 365,275"
1999 Irish Masters,Invitational,Stephen Hendry,https://cuetracker.net/tournaments/irish-masters/1999/331,1998,331,"GBP 168,601"
1999 China International,Ranking,John Higgins,https://cuetracker.net/tournaments/china-international/1999/332,1998,332,"GBP 256,250"
1999 Thailand Masters,Ranking,Mark Williams,https://cuetracker.net/tournaments/thailand-masters/1999/333,1998,333,"GBP 291,400"
1999 Charity Challenge,Invitational,John Higgins,https://cuetracker.net/tournaments/charity-challenge/1999/334,1998,334,"GBP 130,000"
1999 Scottish Open,Ranking,Stephen Hendry,https://cuetracker.net/tournaments/scottish-open/1999/335,1998,335,"GBP 360,175"
1999 Masters,Invitational,John Higgins,https://cuetracker.net/tournaments/masters/1999/336,1998,336,"GBP 575,000"
1999 Welsh Open,Ranking,Mark Williams,https://cuetracker.net/tournaments/welsh-open/1999/337,1998,337,"GBP 382,900"
1999 Premier League,League,John Higgins,https://cuetracker.net/tournaments/premier-league/1999/330,1998,330,"GBP 123,500"
1998 Irish Open,Ranking,Mark Williams,https://cuetracker.net/tournaments/irish-open/1998/338,1998,338,"GBP 297,860"
1998 German Masters,Invitational,John Parrott,https://cuetracker.net/tournaments/german-masters/1998/339,1998,339,"GBP 110,000"
1998 Malta Grand Prix,Invitational,Stephen Hendry,https://cuetracker.net/tournaments/malta-grand-prix/1998/340,1998,340,"GBP 20,000"
1998 UK Championship,Ranking,John Higgins,https://cuetracker.net/tournaments/uk-championship/1998/341,1998,341,"GBP 452,670"
1998 Grand Prix,Ranking,Stephen Lee,https://cuetracker.net/tournaments/grand-prix/1998/380,1998,380,"GBP 365,000"
1998 Scottish Masters,Invitational,Ronnie O'Sullivan,https://cuetracker.net/tournaments/scottish-masters/1998/343,1998,343,"GBP 175,400"
2000 World Championship,Ranking,Mark Williams,https://cuetracker.net/tournaments/world-championship/2000/308,1999,308,"GBP 1,456,150"
2000 Scottish Open,Ranking,Ronnie O'Sullivan,https://cuetracker.net/tournaments/scottish-open/2000/311,1999,311,"GBP 397,600"
2000 Irish Masters,Invitational,John Higgins,https://cuetracker.net/tournaments/irish-masters/2000/312,1999,312,"GBP 166,811"
2000 Thailand Masters,Ranking,Mark Williams,https://cuetracker.net/tournaments/thailand-masters/2000/313,1999,313,"GBP 266,790"
2000 Malta Grand Prix,Ranking,Ken Doherty,https://cuetracker.net/tournaments/malta-grand-prix/2000/314,1999,314,"GBP 290,220"
2000 Masters,Invitational,Matthew Stevens,https://cuetracker.net/tournaments/masters/2000/315,1999,315,"GBP 615,000"
2000 Welsh Open,Ranking,John Higgins,https://cuetracker.net/tournaments/welsh-open/2000/316,1999,316,"GBP 401,250"
2000 Premier League,League,Stephen Hendry,https://cuetracker.net/tournaments/premier-league/2000/310,1999,310,"GBP 123,500"
1999 China Open,Ranking,Ronnie O'Sullivan,https://cuetracker.net/tournaments/china-open/1999/317,1999,317,"GBP 296,905"
1999 UK Championship,Ranking,Mark Williams,https://cuetracker.net/tournaments/uk-championship/1999/318,1999,318,"GBP 495,350"
1999 Grand Prix,Ranking,John Higgins,https://cuetracker.net/tournaments/grand-prix/1999/320,1999,320,"GBP 392,150"
1999 Scottish Masters,Invitational,Matthew Stevens,https://cuetracker.net/tournaments/scottish-masters/1999/322,1999,322,"GBP 181,900"
1999 British Open,Ranking,Stephen Hendry,https://cuetracker.net/tournaments/british-open/1999/324,1999,324,"GBP 399,200"
1999 Champions Cup,Invitational,Stephen Hendry,https://cuetracker.net/tournaments/champions-cup/1999/325,1999,325,"GBP 175,000"
1999 Millennium Cup,Invitational,Stephen Lee,https://cuetracker.net/tournaments/millennium-cup/1999/326,1999,326,GBP 0
2001 World Championship,Ranking,Ronnie O'Sullivan,https://cuetracker.net/tournaments/world-championship/2001/285,2000,285,"GBP 1,521,500"
2001 Scottish Open,Ranking,Peter Ebdon,https://cuetracker.net/tournaments/scottish-open/2001/287,2000,287,"GBP 438,050"
2001 Irish Masters,Invitational,Ronnie O'Sullivan,https://cuetracker.net/tournaments/irish-masters/2001/288,2000,288,"GBP 153,340"
2001 Thailand Masters,Ranking,Ken Doherty,https://cuetracker.net/tournaments/thailand-masters/2001/289,2000,289,"GBP 281,525"
2001 Malta Grand Prix,Invitational,Stephen Hendry,https://cuetracker.net/tournaments/malta-grand-prix/2001/290,2000,290,"GBP 36,000"
2001 Masters,Invitational,Paul Hunter,https://cuetracker.net/tournaments/masters/2001/291,2000,291,"GBP 650,000"
2001 Welsh Open,Ranking,Ken Doherty,https://cuetracker.net/tournaments/welsh-open/2001/292,2000,292,"GBP 440,200"
2001 Premier League,League,Ronnie O'Sullivan,https://cuetracker.net/tournaments/premier-league/2001/286,2000,286,"GBP 150,000"
2000 China Open,Ranking,Ronnie O'Sullivan,https://cuetracker.net/tournaments/china-open/2000/295,2000,295,"GBP 311,080"
2000 UK Championship,Ranking,John Higgins,https://cuetracker.net/tournaments/uk-championship/2000/297,2000,297,"GBP 542,780"
2000 Scottish Masters,Invitational,Ronnie O'Sullivan,https://cuetracker.net/tournaments/scottish-masters/2000/300,2000,300,"GBP 193,000"
2000 Grand Prix,Ranking,Mark Williams,https://cuetracker.net/tournaments/grand-prix/2000/302,2000,302,"GBP 426,350"
2000 British Open,Ranking,Peter Ebdon,https://cuetracker.net/tournaments/british-open/2000/303,2000,303,"GBP 438,300"
2000 Champions Cup,Invitational,Ronnie O'Sullivan,https://cuetracker.net/tournaments/champions-cup/2000/305,2000,305,"GBP 200,000"
2002 World Championship,Ranking,Peter Ebdon,https://cuetracker.net/tournaments/world-championship/2002/261,2001,261,"GBP 1,614,585"
2002 Scottish Open,Ranking,Stephen Lee,https://cuetracker.net/tournaments/scottish-open/2002/264,2001,264,"GBP 597,200"
2002 Irish Masters,Invitational,John Higgins,https://cuetracker.net/tournaments/irish-masters/2002/267,2001,267,"GBP 164,500"
2002 Thailand Masters,Ranking,Mark Williams,https://cuetracker.net/tournaments/thailand-masters/2002/268,2001,268,"GBP 477,900"
2002 China Open,Ranking,Mark Williams,https://cuetracker.net/tournaments/china-open/2002/270,2001,270,"GBP 450,800"
2002 Masters,Invitational,Paul Hunter,https://cuetracker.net/tournaments/masters/2002/272,2001,272,"GBP 695,000"
2002 Welsh Open,Ranking,Paul Hunter,https://cuetracker.net/tournaments/welsh-open/2002/293,2001,293,"GBP 597,200"
2002 Premier League,League,Ronnie O'Sullivan,https://cuetracker.net/tournaments/premier-league/2002/259,2001,259,"GBP 180,000"
2001 UK Championship,Ranking,Ronnie O'Sullivan,https://cuetracker.net/tournaments/uk-championship/2001/273,2001,273,"GBP 755,250"
2001 European Open,Ranking,Stephen Hendry,https://cuetracker.net/tournaments/european-open/2001/275,2001,275,"GBP 250,000"
2001 LG Cup,Ranking,Stephen Lee,https://cuetracker.net/tournaments/lg-cup/2001/278,2001,278,"GBP 617,200"
2001 British Open,Ranking,John Higgins,https://cuetracker.net/tournaments/british-open/2001/279,2001,279,"GBP 670,250"
2001 Scottish Masters,Invitational,John Higgins,https://cuetracker.net/tournaments/scottish-masters/2001/281,2001,281,"GBP 187,000"
2001 Champions Cup,Invitational,John Higgins,https://cuetracker.net/tournaments/champions-cup/2001/283,2001,283,"GBP 200,000"
2003 World Championship,Ranking,Mark Williams,https://cuetracker.net/tournaments/world-championship/2003/242,2002,242,"GBP 1,815,250"
2003 Scottish Open,Ranking,David Gray,https://cuetracker.net/tournaments/scottish-open/2003/246,2002,246,"GBP 597,200"
2003 Irish Masters,Ranking,Ronnie O'Sullivan,https://cuetracker.net/tournaments/irish-masters/2003/247,2002,247,"GBP 399,680"
2003 European Open,Ranking,Ronnie O'Sullivan,https://cuetracker.net/tournaments/european-open/2003/248,2002,248,"GBP 250,000"
2003 Masters,Invitational,Mark Williams,https://cuetracker.net/tournaments/masters/2003/249,2002,249,"GBP 750,000"
2003 Welsh Open,Ranking,Stephen Hendry,https://cuetracker.net/tournaments/welsh-open/2003/250,2002,250,"GBP 597,200"
2003 Premier League,League,Marco Fu,https://cuetracker.net/tournaments/premier-league/2003/245,2002,245,"GBP 180,000"
2002 UK Championship,Ranking,Mark Williams,https://cuetracker.net/tournaments/uk-championship/2002/252,2002,252,"GBP 613,550"
2002 British Open,Ranking,Paul Hunter,https://cuetracker.net/tournaments/british-open/2002/253,2002,253,"GBP 450,000"
2002 LG Cup,Ranking,Chris Small,https://cuetracker.net/tournaments/lg-cup/2002/255,2002,255,"GBP 597,200"
2002 Scottish Masters,Invitational,Ronnie O'Sullivan,https://cuetracker.net/tournaments/scottish-masters/2002/256,2002,256,"GBP 192,000"
2004 World Championship,Ranking,Ronnie O'Sullivan,https://cuetracker.net/tournaments/world-championship/2004/224,2003,224,"GBP 1,371,720"
2004 Players Championship,Ranking,Jimmy White,https://cuetracker.net/tournaments/players-championship/2004/227,2003,227,"GBP 584,000"
2004 Irish Masters,Ranking,Peter Ebdon,https://cuetracker.net/tournaments/irish-masters/2004/228,2003,228,"GBP 396,800"
2004 European Open,Ranking,Stephen Maguire,https://cuetracker.net/tournaments/european-open/2004/229,2003,229,"GBP 400,800"
2004 Masters,Invitational,Paul Hunter,https://cuetracker.net/tournaments/masters/2004/230,2003,230,"GBP 350,000"
2004 Welsh Open,Ranking,Ronnie O'Sullivan,https://cuetracker.net/tournaments/welsh-open/2004/231,2003,231,"GBP 446,100"
2004 Premier League,League,Stephen Hendry,https://cuetracker.net/tournaments/premier-league/2004/223,2003,223,"GBP 180,000"
2003 UK Championship,Ranking,Matthew Stevens,https://cuetracker.net/tournaments/uk-championship/2003/234,2003,234,"GBP 615,000"
2003 British Open,Ranking,Stephen Hendry,https://cuetracker.net/tournaments/british-open/2003/236,2003,236,"GBP 470,000"
2003 LG Cup,Ranking,Mark Williams,https://cuetracker.net/tournaments/lg-cup/2003/239,2003,239,"GBP 617,200"
2005 World Championship,Ranking,Shaun Murphy,https://cuetracker.net/tournaments/world-championship/2005/208,2004,208,"GBP 1,263,800"
2005 China Open,Ranking,Ding Junhui,https://cuetracker.net/tournaments/china-open/2005/210,2004,210,"GBP 173,000"
2005 Irish Masters,Ranking,Ronnie O'Sullivan,https://cuetracker.net/tournaments/irish-masters/2005/212,2004,212,"GBP 250,000"
2005 Masters,Invitational,Ronnie O'Sullivan,https://cuetracker.net/tournaments/masters/2005/214,2004,214,"GBP 400,000"
2005 Malta Cup,Ranking,Stephen Hendry,https://cuetracker.net/tournaments/malta-cup/2005/215,2004,215,"GBP 197,500"
2005 Welsh Open,Ranking,Ronnie O'Sullivan,https://cuetracker.net/tournaments/welsh-open/2005/216,2004,216,"GBP 225,000"
2005 Premier League,League,Ronnie O'Sullivan,https://cuetracker.net/tournaments/premier-league/2005/206,2004,206,"GBP 245,000"
2004 UK Championship,Ranking,Stephen Maguire,https://cuetracker.net/tournaments/uk-championship/2004/218,2004,218,"GBP 525,000"
2004 British Open,Ranking,John Higgins,https://cuetracker.net/tournaments/british-open/2004/219,2004,219,"GBP 200,000"
2004 Grand Prix,Ranking,Ronnie O'Sullivan,https://cuetracker.net/tournaments/grand-prix/2004/220,2004,220,"GBP 420,000"
2006 World Championship,Ranking,Graeme Dott,https://cuetracker.net/tournaments/world-championship/2006/185,2005,185,"GBP 901,240"
2006 China Open,Ranking,Mark Williams,https://cuetracker.net/tournaments/china-open/2006/186,2005,186,"GBP 197,250"
2006 Welsh Open,Ranking,Stephen Lee,https://cuetracker.net/tournaments/welsh-open/2006/188,2005,188,"GBP 223,275"
2006 Malta Cup,Ranking,Ken Doherty,https://cuetracker.net/tournaments/malta-cup/2006/190,2005,190,"GBP 118,500"
2006 Masters,Invitational,John Higgins,https://cuetracker.net/tournaments/masters/2006/191,2005,191,"GBP 415,000"
2005 UK Championship,Ranking,Ding Junhui,https://cuetracker.net/tournaments/uk-championship/2005/192,2005,192,"GBP 495,875"
2005 Pot Black,Invitational,Matthew Stevens,https://cuetracker.net/tournaments/pot-black/2005/195,2005,195,"GBP 38,000"
2005 Grand Prix,Ranking,John Higgins,https://cuetracker.net/tournaments/grand-prix/2005/199,2005,199,"GBP 417,000"
2005 Premier League,League,Ronnie O'Sullivan,https://cuetracker.net/tournaments/premier-league/2005/194,2005,194,"GBP 248,000"
2005 Northern Ireland Trophy,Invitational,Matthew Stevens,https://cuetracker.net/tournaments/northern-ireland-trophy/2005/201,2005,201,"GBP 104,000"
2007 World Championship,Ranking,John Higgins,https://cuetracker.net/tournaments/world-championship/2007/161,2006,161,"GBP 985,000"
2007 China Open,Ranking,Graeme Dott,https://cuetracker.net/tournaments/china-open/2007/163,2006,163,"GBP 222,750"
2007 Welsh Open,Ranking,Neil Robertson,https://cuetracker.net/tournaments/welsh-open/2007/168,2006,168,"GBP 245,500"
2007 Malta Cup,Ranking,Shaun Murphy,https://cuetracker.net/tournaments/malta-cup/2007/170,2006,170,"GBP 200,500"
2007 Masters,Invitational,Ronnie O'Sullivan,https://cuetracker.net/tournaments/masters/2007/172,2006,172,"GBP 467,000"
2006 UK Championship,Ranking,Peter Ebdon,https://cuetracker.net/tournaments/uk-championship/2006/174,2006,174,"GBP 548,000"
2006 Grand Prix,Ranking,Neil Robertson,https://cuetracker.net/tournaments/grand-prix/2006/177,2006,177,"GBP 455,750"
2006 Premier League,League,Ronnie O'Sullivan,https://cuetracker.net/tournaments/premier-league/2006/175,2006,175,"GBP 239,000"
2006 Pot Black,Invitational,Mark Williams,https://cuetracker.net/tournaments/pot-black/2006/181,2006,181,"GBP 40,000"
2006 Northern Ireland Trophy,Ranking,Ding Junhui,https://cuetracker.net/tournaments/northern-ireland-trophy/2006/182,2006,182,"GBP 198,500"
2008 World Championship,Ranking,Ronnie O'Sullivan,https://cuetracker.net/tournaments/world-championship/2008/136,2007,136,"GBP 1,197,000"
2008 China Open,Ranking,Stephen Maguire,https://cuetracker.net/tournaments/china-open/2008/139,2007,139,"GBP 270,000"
2008 Championship League,League,Joe Perry,https://cuetracker.net/tournaments/championship-league/2008/137,2007,137,"GBP 166,600"
2008 Welsh Open,Ranking,Mark Selby,https://cuetracker.net/tournaments/welsh-open/2008/142,2007,142,"GBP 225,500"
2008 Malta Cup,Invitational,Shaun Murphy,https://cuetracker.net/tournaments/malta-cup/2008/144,2007,144,"GBP 76,000"
2008 Masters,Invitational,Mark Selby,https://cuetracker.net/tournaments/masters/2008/145,2007,145,"GBP 460,000"
2007 UK Championship,Ranking,Ronnie O'Sullivan,https://cuetracker.net/tournaments/uk-championship/2007/147,2007,147,"GBP 615,400"
2007 Northern Ireland Trophy,Ranking,Stephen Maguire,https://cuetracker.net/tournaments/northern-ireland-trophy/2007/151,2007,151,"GBP 220,500"
2007 Grand Prix,Ranking,Marco Fu,https://cuetracker.net/tournaments/grand-prix/2007/152,2007,152,"GBP 491,100"
2007 Pot Black,Invitational,Ken Doherty,https://cuetracker.net/tournaments/pot-black/2007/154,2007,154,"GBP 40,000"
2007 Premier League,League,Ronnie O'Sullivan,https://cuetracker.net/tournaments/premier-league/2007/149,2007,149,"GBP 259,000"
2007 Shanghai Masters,Ranking,Dominic Dale,https://cuetracker.net/tournaments/shanghai-masters/2007/157,2007,157,"GBP 250,000"
2009 World Championship,Ranking,John Higgins,https://cuetracker.net/tournaments/world-championship/2009/98,2008,98,"GBP 1,258,000"
2009 China Open,Ranking,Peter Ebdon,https://cuetracker.net/tournaments/china-open/2009/99,2008,99,"GBP 267,900"
2009 Welsh Open,Ranking,Ali Carter,https://cuetracker.net/tournaments/welsh-open/2009/111,2008,111,"GBP 225,500"
2009 Masters,Invitational,Ronnie O'Sullivan,https://cuetracker.net/tournaments/masters/2009/112,2008,112,"GBP 482,000"
2009 Championship League,League,Judd Trump,https://cuetracker.net/tournaments/championship-league/2009/101,2008,101,"GBP 166,900"
2008 UK Championship,Ranking,Shaun Murphy,https://cuetracker.net/tournaments/uk-championship/2008/113,2008,113,"GBP 650,000"
2008 Bahrain Championship,Ranking,Neil Robertson,https://cuetracker.net/tournaments/bahrain-championship/2008/118,2008,118,"GBP 263,525"
2008 Grand Prix,Ranking,John Higgins,https://cuetracker.net/tournaments/grand-prix/2008/121,2008,121,"GBP 494,600"
2008 Shanghai Masters,Ranking,Ricky Walden,https://cuetracker.net/tournaments/shanghai-masters/2008/122,2008,122,"GBP 298,350"
2008 Premier League,League,Ronnie O'Sullivan,https://cuetracker.net/tournaments/premier-league/2008/114,2008,114,"GBP 269,000"
2008 Northern Ireland Trophy,Ranking,Ronnie O'Sullivan,https://cuetracker.net/tournaments/northern-ireland-trophy/2008/125,2008,125,"GBP 200,500"
2008 Jiangsu Classic,Invitational,Ding Junhui,https://cuetracker.net/tournaments/jiangsu-classic/2008/133,2008,133,"GBP 74,000"
2010 World Championship,Ranking,Neil Robertson,https://cuetracker.net/tournaments/world-championship/2010/57,2009,57,"GBP 1,111,000"
2010 China Open,Ranking,Mark Williams,https://cuetracker.net/tournaments/china-open/2010/60,2009,60,"GBP 318,270"
2010 Welsh Open,Ranking,John Higgins,https://cuetracker.net/tournaments/welsh-open/2010/58,2009,58,"GBP 222,200"
2010 Masters,Invitational,Mark Selby,https://cuetracker.net/tournaments/masters/2010/74,2009,74,"GBP 486,000"
2010 Championship League,League,Marco Fu,https://cuetracker.net/tournaments/championship-league/2010/72,2009,72,"GBP 163,000"
2009 UK Championship,Ranking,Ding Junhui,https://cuetracker.net/tournaments/uk-championship/2009/77,2009,77,"GBP 625,000"
2009 Grand Prix,Ranking,Neil Robertson,https://cuetracker.net/tournaments/grand-prix/2009/82,2009,82,"GBP 502,100"
2009 Shanghai Masters,Ranking,Ronnie O'Sullivan,https://cuetracker.net/tournaments/shanghai-masters/2009/83,2009,83,"GBP 296,360"
2009 Premier League,League,Shaun Murphy,https://cuetracker.net/tournaments/premier-league/2009/78,2009,78,"GBP 228,000"
2009 Jiangsu Classic,Invitational,Mark Allen,https://cuetracker.net/tournaments/jiangsu-classic/2009/94,2009,94,"GBP 88,000"
2011 World Championship,Ranking,John Higgins,https://cuetracker.net/tournaments/world-championship/2011/3,2010,3,"GBP 1,111,000"
2011 China Open,Ranking,Judd Trump,https://cuetracker.net/tournaments/china-open/2011/1,2010,1,"GBP 319,075"
2011 PTC Grand Final,Ranking,Shaun Murphy,https://cuetracker.net/tournaments/ptc-grand-final/2011/13,2010,13,"GBP 197,500"
2011 Welsh Open,Ranking,John Higgins,https://cuetracker.net/tournaments/welsh-open/2011/15,2010,15,"GBP 201,500"
2011 German Masters,Ranking,Mark Williams,https://cuetracker.net/tournaments/german-masters/2011/16,2010,16,"GBP 227,105"
2011 Snooker Shootout,Invitational,Nigel Bond,https://cuetracker.net/tournaments/snooker-shootout/2011/42,2010,42,"GBP 129,500"
2011 Masters,Invitational,Ding Junhui,https://cuetracker.net/tournaments/masters/2011/17,2010,17,"GBP 500,000"
2011 Championship League,League,Matthew Stevens,https://cuetracker.net/tournaments/championship-league/2011/12,2010,12,"GBP 165,800"
2010 UK Championship,Ranking,John Higgins,https://cuetracker.net/tournaments/uk-championship/2010/18,2010,18,"GBP 624,500"
2010 World Seniors Championship,Invitational,Jimmy White,https://cuetracker.net/tournaments/world-seniors-championship/2010/22,2010,22,"GBP 50,000"
2010 World Open,Ranking,Neil Robertson,https://cuetracker.net/tournaments/world-open/2010/29,2010,29,"GBP 502,000"
2010 Shanghai Masters,Ranking,Ali Carter,https://cuetracker.net/tournaments/shanghai-masters/2010/30,2010,30,"GBP 318,600"
2010 Premier League,League,Ronnie O'Sullivan,https://cuetracker.net/tournaments/premier-league/2010/19,2010,19,"GBP 225,000"
2010 Wuxi Classic,Invitational,Shaun Murphy,https://cuetracker.net/tournaments/wuxi-classic/2010/39,2010,39,"GBP 55,000"
2012 World Championship,Ranking,Ronnie O'Sullivan,https://cuetracker.net/tournaments/world-championship/2012/263,2011,263,"GBP 1,152,500"
2012 China Open,Ranking,Peter Ebdon,https://cuetracker.net/tournaments/china-open/2012/307,2011,307,"GBP 398,500"
2012 PTC Grand Final,Ranking,Stephen Lee,https://cuetracker.net/tournaments/ptc-grand-final/2012/321,2011,321,"GBP 242,000"
2012 World Open,Ranking,Mark Allen,https://cuetracker.net/tournaments/world-open/2012/265,2011,265,"GBP 387,300"
2012 Welsh Open,Ranking,Ding Junhui,https://cuetracker.net/tournaments/welsh-open/2012/294,2011,294,"GBP 201,500"
2012 German Masters,Ranking,Ronnie O'Sullivan,https://cuetracker.net/tournaments/german-masters/2012/233,2011,233,"GBP 235,003"
2012 Snooker Shootout,Invitational,Barry Hawkins,https://cuetracker.net/tournaments/snooker-shootout/2012/284,2011,284,"GBP 130,000"
2012 Masters,Invitational,Neil Robertson,https://cuetracker.net/tournaments/masters/2012/271,2011,271,"GBP 500,000"
2012 Championship League,League,Ding Junhui,https://cuetracker.net/tournaments/championship-league/2012/262,2011,262,"GBP 180,100"
2011 UK Championship,Ranking,Judd Trump,https://cuetracker.net/tournaments/uk-championship/2011/222,2011,222,"GBP 625,000"
2011 Brazil Masters,Invitational,Shaun Murphy,https://cuetracker.net/tournaments/brazil-masters/2011/135,2011,135,"GBP 132,911"
2011 Shanghai Masters,Ranking,Mark Selby,https://cuetracker.net/tournaments/shanghai-masters/2011/53,2011,53,"GBP 350,000"
2011 Premier League,League,Ronnie O'Sullivan,https://cuetracker.net/tournaments/premier-league/2011/108,2011,108,"GBP 210,000"
2011 Australian Open,Ranking,Stuart Bingham,https://cuetracker.net/tournaments/australian-open/2011/52,2011,52,"GBP 289,000"
2011 Wuxi Classic,Invitational,Mark Selby,https://cuetracker.net/tournaments/wuxi-classic/2011/50,2011,50,"GBP 56,000"
2013 World Championship,Ranking,Ronnie O'Sullivan,https://cuetracker.net/tournaments/world-championship/2013/681,2012,681,"GBP 1,111,000"
2013 China Open,Ranking,Neil Robertson,https://cuetracker.net/tournaments/china-open/2013/560,2012,560,"GBP 431,000"
2013 PTC Grand Final,Ranking,Ding Junhui,https://cuetracker.net/tournaments/ptc-grand-final/2013/640,2012,640,"GBP 301,000"
2013 World Open,Ranking,Mark Allen,https://cuetracker.net/tournaments/world-open/2013/549,2012,549,"GBP 419,000"
2013 Welsh Open,Ranking,Stephen Maguire,https://cuetracker.net/tournaments/welsh-open/2013/608,2012,608,"GBP 244,000"
2013 German Masters,Ranking,Ali Carter,https://cuetracker.net/tournaments/german-masters/2013/530,2012,530,"GBP 289,739"
2013 Snooker Shootout,Invitational,Martin Gould,https://cuetracker.net/tournaments/snooker-shootout/2013/594,2012,594,"GBP 130,000"
2013 Masters,Invitational,Mark Selby,https://cuetracker.net/tournaments/masters/2013/565,2012,565,"GBP 500,000"
2013 Championship League,League,Martin Gould,https://cuetracker.net/tournaments/championship-league/2013/557,2012,557,"GBP 177,301"
2012 UK Championship,Ranking,Mark Selby,https://cuetracker.net/tournaments/uk-championship/2012/520,2012,520,"GBP 637,500"
2012 International Championship,Ranking,Judd Trump,https://cuetracker.net/tournaments/international-championship/2012/425,2012,425,"GBP 575,500"
2012 Shanghai Masters,Ranking,John Higgins,https://cuetracker.net/tournaments/shanghai-masters/2012/384,2012,384,"GBP 410,000"
2012 Premier League,League,Stuart Bingham,https://cuetracker.net/tournaments/premier-league/2012/427,2012,427,"GBP 224,000"
2012 Australian Open,Ranking,Barry Hawkins,https://cuetracker.net/tournaments/australian-open/2012/366,2012,366,"GBP 277,120"
2012 Wuxi Classic,Ranking,Ricky Walden,https://cuetracker.net/tournaments/wuxi-classic/2012/362,2012,362,"GBP 399,000"
2014 World Championship,Ranking,Mark Selby,https://cuetracker.net/tournaments/world-championship/2014/1042,2013,1042,"GBP 1,214,000"
2014 China Open,Ranking,Ding Junhui,https://cuetracker.net/tournaments/china-open/2014/1033,2013,1033,"GBP 479,000"
2014 Players Championship Grand Final,Ranking,Barry Hawkins,https://cuetracker.net/tournaments/players-championship-grand-final/2014/1041,2013,1041,"GBP 300,000"
2014 World Open,Ranking,Shaun Murphy,https://cuetracker.net/tournaments/world-open/2014/997,2013,997,"GBP 479,000"
2014 Welsh Open,Ranking,Ronnie O'Sullivan,https://cuetracker.net/tournaments/welsh-open/2014/1035,2013,1035,"GBP 310,000"
2014 German Masters,Ranking,Ding Junhui,https://cuetracker.net/tournaments/german-masters/2014/992,2013,992,"GBP 281,669"
2014 Snooker Shootout,Invitational,Dominic Dale,https://cuetracker.net/tournaments/snooker-shootout/2014/1022,2013,1022,"GBP 129,500"
2014 Masters,Invitational,Ronnie O'Sullivan,https://cuetracker.net/tournaments/masters/2014/1008,2013,1008,"GBP 600,000"
2014 Championship League,League,Judd Trump,https://cuetracker.net/tournaments/championship-league/2014/1005,2013,1005,"GBP 178,300"
2013 UK Championship,Ranking,Neil Robertson,https://cuetracker.net/tournaments/uk-championship/2013/984,2013,984,"GBP 755,000"
2013 Champion of Champions,Invitational,Ronnie O'Sullivan,https://cuetracker.net/tournaments/champion-of-champions/2013/980,2013,980,"GBP 270,000"
2013 International Championship,Ranking,Ding Junhui,https://cuetracker.net/tournaments/international-championship/2013/969,2013,969,"GBP 615,000"
2013 Indian Open,Ranking,Ding Junhui,https://cuetracker.net/tournaments/indian-open/2013/961,2013,961,"GBP 300,000"
2013 Shanghai Masters,Ranking,Ding Junhui,https://cuetracker.net/tournaments/shanghai-masters/2013/960,2013,960,"GBP 423,000"
2013 Australian Open,Ranking,Marco Fu,https://cuetracker.net/tournaments/australian-open/2013/805,2013,805,"GBP 273,398"
2013 Wuxi Classic,Ranking,Neil Robertson,https://cuetracker.net/tournaments/wuxi-classic/2013/791,2013,791,"GBP 474,000"
2015 World Championship,Ranking,Stuart Bingham,https://cuetracker.net/tournaments/world-championship/2015/1095,2014,1095,"GBP 1,364,000"
2015 China Open,Ranking,Mark Selby,https://cuetracker.net/tournaments/china-open/2015/1081,2014,1081,"GBP 478,000"
2015 Players Championship Grand Final,Ranking,Joe Perry,https://cuetracker.net/tournaments/players-championship-grand-final/2015/1093,2014,1093,"GBP 348,000"
2015 World Grand Prix,Invitational,Judd Trump,https://cuetracker.net/tournaments/world-grand-prix/2015/1090,2014,1090,"GBP 300,000"
2015 Indian Open,Ranking,Michael White,https://cuetracker.net/tournaments/indian-open/2015/1080,2014,1080,"GBP 296,000"
2015 Snooker Shootout,Invitational,Michael White,https://cuetracker.net/tournaments/snooker-shootout/2015/1087,2014,1087,"GBP 130,000"
2015 Welsh Open,Ranking,John Higgins,https://cuetracker.net/tournaments/welsh-open/2015/1083,2014,1083,"GBP 300,000"
2015 German Masters,Ranking,Mark Selby,https://cuetracker.net/tournaments/german-masters/2015/1072,2014,1072,"GBP 283,844"
2015 Masters,Invitational,Shaun Murphy,https://cuetracker.net/tournaments/masters/2015/1078,2014,1078,"GBP 600,000"
2015 Championship League,League,Stuart Bingham,https://cuetracker.net/tournaments/championship-league/2015/1077,2014,1077,"GBP 180,300"
2014 UK Championship,Ranking,Ronnie O'Sullivan,https://cuetracker.net/tournaments/uk-championship/2014/1069,2014,1069,"GBP 740,000"
2014 Champion of Champions,Invitational,Ronnie O'Sullivan,https://cuetracker.net/tournaments/champion-of-champions/2014/1063,2014,1063,"GBP 270,000"
2014 International Championship,Ranking,Ricky Walden,https://cuetracker.net/tournaments/international-championship/2014/1058,2014,1058,"GBP 628,000"
2014 Shanghai Masters,Ranking,Stuart Bingham,https://cuetracker.net/tournaments/shanghai-masters/2014/1053,2014,1053,"GBP 456,000"
2014 Australian Open,Ranking,Judd Trump,https://cuetracker.net/tournaments/australian-open/2014/1049,2014,1049,"GBP 277,443"
2014 Wuxi Classic,Ranking,Neil Robertson,https://cuetracker.net/tournaments/wuxi-classic/2014/1048,2014,1048,"GBP 466,500"
2016 World Championship,Ranking,Mark Selby,https://cuetracker.net/tournaments/world-championship/2016/2063,2015,2063,"GBP 1,499,100"
2016 China Open,Ranking,Judd Trump,https://cuetracker.net/tournaments/china-open/2016/1354,2015,1354,"GBP 542,500"
2016 Players Championship Grand Final,Ranking,Mark Allen,https://cuetracker.net/tournaments/players-championship-grand-final/2016/1386,2015,1386,"GBP 350,000"
2016 World Grand Prix,Ranking,Shaun Murphy,https://cuetracker.net/tournaments/world-grand-prix/2016/1378,2015,1378,"GBP 295,000"
2016 Welsh Open,Ranking,Ronnie O'Sullivan,https://cuetracker.net/tournaments/welsh-open/2016/1361,2015,1361,"GBP 334,000"
2016 Snooker Shootout,Invitational,Robin Hull,https://cuetracker.net/tournaments/snooker-shootout/2016/1357,2015,1357,"GBP 128,000"
2016 German Masters,Ranking,Martin Gould,https://cuetracker.net/tournaments/german-masters/2016/1348,2015,1348,"GBP 275,250"
2016 Masters,Invitational,Ronnie O'Sullivan,https://cuetracker.net/tournaments/masters/2016/1351,2015,1351,"GBP 600,000"
2016 Championship League,League,Judd Trump,https://cuetracker.net/tournaments/championship-league/2016/1350,2015,1350,"GBP 183,400"
2015 UK Championship,Ranking,Neil Robertson,https://cuetracker.net/tournaments/uk-championship/2015/1334,2015,1334,"GBP 772,000"
2015 Champion of Champions,Invitational,Neil Robertson,https://cuetracker.net/tournaments/champion-of-champions/2015/1332,2015,1332,"GBP 300,000"
2015 International Championship,Ranking,John Higgins,https://cuetracker.net/tournaments/international-championship/2015/1298,2015,1298,"GBP 660,000"
2015 Shanghai Masters,Ranking,Kyren Wilson,https://cuetracker.net/tournaments/shanghai-masters/2015/1184,2015,1184,"GBP 453,200"
2015 Australian Open,Ranking,John Higgins,https://cuetracker.net/tournaments/australian-open/2015/1100,2015,1100,"GBP 261,145"
2017 World Championship,Ranking,Mark Selby,https://cuetracker.net/tournaments/world-championship/2017/2352,2016,2352,"GBP 1,751,000"
2017 China Open,Ranking,Mark Selby,https://cuetracker.net/tournaments/china-open/2017/2264,2016,2264,"GBP 516,000"
2017 Players Championship,Ranking,Judd Trump,https://cuetracker.net/tournaments/players-championship/2017/2270,2016,2270,"GBP 375,000"
2017 Gibraltar Open,Ranking,Shaun Murphy,https://cuetracker.net/tournaments/gibraltar-open/2017/2267,2016,2267,"GBP 93,750"
2017 Snooker Shootout,Ranking,Anthony McGill,https://cuetracker.net/tournaments/snooker-shootout/2017/2266,2016,2266,"GBP 130,000"
2017 Welsh Open,Ranking,Stuart Bingham,https://cuetracker.net/tournaments/welsh-open/2017/2268,2016,2268,"GBP 366,000"
2017 World Grand Prix,Ranking,Barry Hawkins,https://cuetracker.net/tournaments/world-grand-prix/2017/2265,2016,2265,"GBP 375,000"
2017 German Masters,Ranking,Anthony Hamilton,https://cuetracker.net/tournaments/german-masters/2017/2259,2016,2259,"GBP 286,450"
2017 Masters,Invitational,Ronnie O'Sullivan,https://cuetracker.net/tournaments/masters/2017/2260,2016,2260,"GBP 600,000"
2017 Championship League,League,John Higgins,https://cuetracker.net/tournaments/championship-league/2017/2262,2016,2262,"GBP 181,800"
2016 Scottish Open,Ranking,Marco Fu,https://cuetracker.net/tournaments/scottish-open/2016/2261,2016,2261,"GBP 366,000"
2016 UK Championship,Ranking,Mark Selby,https://cuetracker.net/tournaments/uk-championship/2016/2247,2016,2247,"GBP 855,000"
2016 Northern Ireland Open,Ranking,Mark King,https://cuetracker.net/tournaments/northern-ireland-open/2016/2248,2016,2248,"GBP 364,000"
2016 Champion of Champions,Invitational,John Higgins,https://cuetracker.net/tournaments/champion-of-champions/2016/2246,2016,2246,"GBP 300,000"
2016 China Championship,Invitational,John Higgins,https://cuetracker.net/tournaments/china-championship/2016/2244,2016,2244,"GBP 650,000"
2016 International Championship,Ranking,Mark Selby,https://cuetracker.net/tournaments/international-championship/2016/2214,2016,2214,"GBP 672,000"
2016 English Open,Ranking,Liang Wenbo,https://cuetracker.net/tournaments/english-open/2016/2245,2016,2245,"GBP 376,000"
2016 European Masters,Ranking,Judd Trump,https://cuetracker.net/tournaments/european-masters/2016/2215,2016,2215,"GBP 274,934"
2016 Shanghai Masters,Ranking,Ding Junhui,https://cuetracker.net/tournaments/shanghai-masters/2016/2196,2016,2196,"GBP 476,200"
2016 Paul Hunter Classic,Ranking,Mark Selby,https://cuetracker.net/tournaments/paul-hunter-classic/2016/2186,2016,2186,"GBP 134,275"
2016 World Open,Ranking,Ali Carter,https://cuetracker.net/tournaments/world-open/2016/2124,2016,2124,"GBP 544,000"
2016 Indian Open,Ranking,Anthony McGill,https://cuetracker.net/tournaments/indian-open/2016/2123,2016,2123,"GBP 300,000"
2016 Riga Masters,Ranking,Neil Robertson,https://cuetracker.net/tournaments/riga-masters/2016/2126,2016,2126,"GBP 138,754"
2018 World Championship,Ranking,Mark Williams,https://cuetracker.net/tournaments/world-championship/2018/2661,2017,2661,"GBP 1,978,000"
2018 China Open,Ranking,Mark Selby,https://cuetracker.net/tournaments/china-open/2018/2626,2017,2626,"GBP 1,035,000"
2018 Players Championship,Ranking,Ronnie O'Sullivan,https://cuetracker.net/tournaments/players-championship/2018/2653,2017,2653,"GBP 380,000"
2018 Romanian Masters,Invitational,Ryan Day,https://cuetracker.net/tournaments/romanian-masters/2018/2649,2017,2649,"GBP 176,800"
2018 Gibraltar Open,Ranking,Ryan Day,https://cuetracker.net/tournaments/gibraltar-open/2018/2648,2017,2648,"GBP 153,000"
2018 Welsh Open,Ranking,John Higgins,https://cuetracker.net/tournaments/welsh-open/2018/2647,2017,2647,"GBP 366,000"
2018 World Grand Prix,Ranking,Ronnie O'Sullivan,https://cuetracker.net/tournaments/world-grand-prix/2018/2646,2017,2646,"GBP 375,000"
2018 Snooker Shootout,Ranking,Michael Georgiou,https://cuetracker.net/tournaments/snooker-shootout/2018/2624,2017,2624,"GBP 145,750"
2018 German Masters,Ranking,Mark Williams,https://cuetracker.net/tournaments/german-masters/2018/2620,2017,2620,"GBP 364,500"
2018 Masters,Invitational,Mark Allen,https://cuetracker.net/tournaments/masters/2018/2623,2017,2623,"GBP 600,000"
2018 Championship League,League,John Higgins,https://cuetracker.net/tournaments/championship-league/2018/2622,2017,2622,"GBP 185,300"
2017 Scottish Open,Ranking,Neil Robertson,https://cuetracker.net/tournaments/scottish-open/2017/2619,2017,2619,"GBP 386,000"
2017 UK Championship,Ranking,Ronnie O'Sullivan,https://cuetracker.net/tournaments/uk-championship/2017/2616,2017,2616,"GBP 850,000"
2017 Northern Ireland Open,Ranking,Mark Williams,https://cuetracker.net/tournaments/northern-ireland-open/2017/2615,2017,2615,"GBP 366,000"
2017 Shanghai Masters,Ranking,Ronnie O'Sullivan,https://cuetracker.net/tournaments/shanghai-masters/2017/2607,2017,2607,"GBP 700,000"
2017 Champion of Champions,Invitational,Shaun Murphy,https://cuetracker.net/tournaments/champion-of-champions/2017/2613,2017,2613,"GBP 370,000"
2017 International Championship,Ranking,Mark Selby,https://cuetracker.net/tournaments/international-championship/2017/2602,2017,2602,"GBP 755,000"
2017 English Open,Ranking,Ronnie O'Sullivan,https://cuetracker.net/tournaments/english-open/2017/2608,2017,2608,"GBP 408,500"
2017 European Masters,Ranking,Judd Trump,https://cuetracker.net/tournaments/european-masters/2017/2476,2017,2476,"GBP 365,000"
2017 World Open,Ranking,Ding Junhui,https://cuetracker.net/tournaments/world-open/2017/2477,2017,2477,"GBP 697,000"
2017 Indian Open,Ranking,John Higgins,https://cuetracker.net/tournaments/indian-open/2017/2478,2017,2478,"GBP 321,000"
2017 Paul Hunter Classic,Ranking,Michael White,https://cuetracker.net/tournaments/paul-hunter-classic/2017/2484,2017,2484,"GBP 105,100"
2017 China Championship,Ranking,Luca Brecel,https://cuetracker.net/tournaments/china-championship/2017/2424,2017,2424,"GBP 697,000"
2017 Hong Kong Masters,Invitational,Neil Robertson,https://cuetracker.net/tournaments/hong-kong-masters/2017/2475,2017,2475,"GBP 315,000"
2017 Riga Masters,Ranking,Ryan Day,https://cuetracker.net/tournaments/riga-masters/2017/2423,2017,2423,"GBP 222,000"
2019 World Championship,Ranking,Judd Trump,https://cuetracker.net/tournaments/world-championship/2019/2918,2018,2918,"GBP 2,231,000"
2019 China Open,Ranking,Neil Robertson,https://cuetracker.net/tournaments/china-open/2019/2856,2018,2856,"GBP 993,000"
2019 Tour Championship,Ranking,Ronnie O'Sullivan,https://cuetracker.net/tournaments/tour-championship/2019/2916,2018,2916,"GBP 370,000"
2019 Gibraltar Open,Ranking,Stuart Bingham,https://cuetracker.net/tournaments/gibraltar-open/2019/2880,2018,2880,"GBP 177,000"
2019 Players Championship,Ranking,Ronnie O'Sullivan,https://cuetracker.net/tournaments/players-championship/2019/2862,2018,2862,"GBP 375,000"
2019 Indian Open,Ranking,Matthew Selt,https://cuetracker.net/tournaments/indian-open/2019/2690,2018,2690,"GBP 321,000"
2019 Snooker Shootout,Ranking,Thepchaiya Un-Nooh,https://cuetracker.net/tournaments/snooker-shootout/2019/2858,2018,2858,"GBP 128,000"
2019 Welsh Open,Ranking,Neil Robertson,https://cuetracker.net/tournaments/welsh-open/2019/2854,2018,2854,"GBP 364,000"
2019 World Grand Prix,Ranking,Judd Trump,https://cuetracker.net/tournaments/world-grand-prix/2019/2852,2018,2852,"GBP 370,000"
2019 German Masters,Ranking,Kyren Wilson,https://cuetracker.net/tournaments/german-masters/2019/2777,2018,2777,"GBP 395,000"
2019 Masters,Invitational,Judd Trump,https://cuetracker.net/tournaments/masters/2019/2821,2018,2821,"GBP 590,000"
2019 Championship League,League,Martin Gould,https://cuetracker.net/tournaments/championship-league/2019/2820,2018,2820,"GBP 177,800"
2018 Scottish Open,Ranking,Mark Allen,https://cuetracker.net/tournaments/scottish-open/2018/2758,2018,2758,"GBP 364,000"
2018 UK Championship,Ranking,Ronnie O'Sullivan,https://cuetracker.net/tournaments/uk-championship/2018/2744,2018,2744,"GBP 845,000"
2018 Northern Ireland Open,Ranking,Judd Trump,https://cuetracker.net/tournaments/northern-ireland-open/2018/2736,2018,2736,"GBP 364,000"
2018 Champion of Champions,Invitational,Ronnie O'Sullivan,https://cuetracker.net/tournaments/champion-of-champions/2018/2732,2018,2732,"GBP 370,000"
2018 International Championship,Ranking,Mark Allen,https://cuetracker.net/tournaments/international-championship/2018/2730,2018,2730,"GBP 772,000"
2018 English Open,Ranking,Stuart Bingham,https://cuetracker.net/tournaments/english-open/2018/2731,2018,2731,"GBP 381,000"
2018 European Masters,Ranking,Jimmy Robertson,https://cuetracker.net/tournaments/european-masters/2018/2692,2018,2692,"GBP 397,000"
2018 China Championship,Ranking,Mark Selby,https://cuetracker.net/tournaments/china-championship/2018/2693,2018,2693,"GBP 746,000"
2018 Shanghai Masters,Invitational,Ronnie O'Sullivan,https://cuetracker.net/tournaments/shanghai-masters/2018/2721,2018,2721,"GBP 720,000"
2018 Paul Hunter Classic,Ranking,Kyren Wilson,https://cuetracker.net/tournaments/paul-hunter-classic/2018/2691,2018,2691,"GBP 120,000"
2018 World Open,Ranking,Mark Williams,https://cuetracker.net/tournaments/world-open/2018/2684,2018,2684,"GBP 735,000"
2018 Riga Masters,Ranking,Neil Robertson,https://cuetracker.net/tournaments/riga-masters/2018/2683,2018,2683,"GBP 259,000"
2020 World Championship,Ranking,Ronnie O'Sullivan,https://cuetracker.net/tournaments/world-championship/2020/3687,2019,3687,"GBP 2,380,000"
2020 Tour Championship,Ranking,Stephen Maguire,https://cuetracker.net/tournaments/tour-championship/2020/3669,2019,3669,"GBP 370,000"
2020 Gibraltar Open,Ranking,Judd Trump,https://cuetracker.net/tournaments/gibraltar-open/2020/3542,2019,3542,"GBP 251,000"
2020 Players Championship,Ranking,Judd Trump,https://cuetracker.net/tournaments/players-championship/2020/3474,2019,3474,"GBP 375,000"
2020 Snooker Shootout,Ranking,Michael Holt,https://cuetracker.net/tournaments/snooker-shootout/2020/3466,2019,3466,"GBP 166,000"
2020 Welsh Open,Ranking,Shaun Murphy,https://cuetracker.net/tournaments/welsh-open/2020/3449,2019,3449,"GBP 400,000"
2020 World Grand Prix,Ranking,Neil Robertson,https://cuetracker.net/tournaments/world-grand-prix/2020/3440,2019,3440,"GBP 370,000"
2020 German Masters,Ranking,Judd Trump,https://cuetracker.net/tournaments/german-masters/2020/3365,2019,3365,"GBP 395,000"
2020 European Masters,Ranking,Neil Robertson,https://cuetracker.net/tournaments/european-masters/2020/3364,2019,3364,"GBP 402,000"
2020 Masters,Invitational,Stuart Bingham,https://cuetracker.net/tournaments/masters/2020/3391,2019,3391,"GBP 710,000"
2019 Scottish Open,Ranking,Mark Selby,https://cuetracker.net/tournaments/scottish-open/2019/3363,2019,3363,"GBP 400,000"
2019 UK Championship,Ranking,Ding Junhui,https://cuetracker.net/tournaments/uk-championship/2019/3320,2019,3320,"GBP 994,000"
2019 Northern Ireland Open,Ranking,Judd Trump,https://cuetracker.net/tournaments/northern-ireland-open/2019/3299,2019,3299,"GBP 400,000"
2019 Champion of Champions,Invitational,Neil Robertson,https://cuetracker.net/tournaments/champion-of-champions/2019/3284,2019,3284,"GBP 440,000"
2019 World Open,Ranking,Judd Trump,https://cuetracker.net/tournaments/world-open/2019/3267,2019,3267,"GBP 766,000"
2019 English Open,Ranking,Mark Selby,https://cuetracker.net/tournaments/english-open/2019/3271,2019,3271,"GBP 400,000"
2020 Championship League,League,Scott Donaldson,https://cuetracker.net/tournaments/championship-league/2020/3275,2019,3275,"GBP 182,200"
2019 China Championship,Ranking,Shaun Murphy,https://cuetracker.net/tournaments/china-championship/2019/3109,2019,3109,"GBP 745,000"
2019 Shanghai Masters,Invitational,Ronnie O'Sullivan,https://cuetracker.net/tournaments/shanghai-masters/2019/3188,2019,3188,"GBP 745,000"
2019 Paul Hunter Classic,Invitational,Barry Hawkins,https://cuetracker.net/tournaments/paul-hunter-classic/2019/3175,2019,3175,"GBP 10,000"
2019 International Championship,Ranking,Judd Trump,https://cuetracker.net/tournaments/international-championship/2019/2958,2019,2958,"GBP 796,000"
2019 Riga Masters,Ranking,Yan Bingtao,https://cuetracker.net/tournaments/riga-masters/2019/2957,2019,2957,"GBP 273,000"
